{
  "source": "D:/cad/blender/hand/hand0423g.glb",
  "label": "front central palm subset (+Z)",
  "coordinate_system": {
    "x": "hand width; thumb is on +X in +Z/front projection",
    "y": "wrist to fingertips",
    "z": "hand thickness; +Z is treated as palm/front side in this export"
  },
  "selection_rule": {
    "normal_z_min": 0.35,
    "center_y_min": -0.8,
    "center_y_max": 3.4
  },
  "quad_count": 749,
  "vertex_count": 851,
  "quad_id_range": [
    5,
    6872
  ],
  "row_stats": {
    "center_x": {
      "min": -1.5417395532131195,
      "max": 5.9548845291137695,
      "mean": 1.712164780938608
    },
    "center_y": {
      "min": -0.7967101782560349,
      "max": 3.3868184089660645,
      "mean": 1.6457868065187355
    },
    "center_z": {
      "min": 0.037038514856249094,
      "max": 1.2888751924037933,
      "mean": 0.9475394070227892
    },
    "normal_x": {
      "min": -0.9280619789702136,
      "max": 0.9245260713532254,
      "mean": 0.03765168706374895
    },
    "normal_y": {
      "min": -0.9158623854695538,
      "max": 0.9365422491024475,
      "mean": -0.001086812373335283
    },
    "normal_z": {
      "min": 0.35041316778065057,
      "max": 0.9999610346912484,
      "mean": 0.8130401675441494
    },
    "area": {
      "min": 0.002379401691191956,
      "max": 0.08181517688219832,
      "mean": 0.03061543653102939
    }
  },
  "vertex_bounds": {
    "x": {
      "min": -1.5713591575622559,
      "max": 5.969217777252197
    },
    "y": {
      "min": -0.9095919132232666,
      "max": 3.502070188522339
    },
    "z": {
      "min": -0.037030044943094254,
      "max": 1.2901203632354736
    }
  },
  "vertex_ids": [
    1,
    19,
    32,
    37,
    49,
    50,
    51,
    52,
    53,
    54,
    152,
    153,
    154,
    155,
    156,
    157,
    158,
    255,
    256,
    257,
    258,
    260,
    285,
    286,
    287,
    288,
    289,
    290,
    291,
    1745,
    1747,
    1749,
    1778,
    1779,
    1780,
    1783,
    1784,
    1785,
    1786,
    1788,
    1789,
    1790,
    1791,
    1792,
    1793,
    1794,
    1795,
    1796,
    1797,
    1798,
    1799,
    1800,
    1801,
    1802,
    1803,
    1804,
    1805,
    1806,
    1807,
    1808,
    1809,
    1810,
    1811,
    1812,
    1813,
    1814,
    1815,
    1816,
    1817,
    1818,
    1819,
    1820,
    1821,
    1822,
    1823,
    1824,
    1825,
    1826,
    1827,
    1828,
    1829,
    1830,
    1831,
    1832,
    1833,
    1834,
    1835,
    1836,
    1837,
    1867,
    1868,
    1869,
    1870,
    1871,
    1872,
    1873,
    1874,
    1875,
    1876,
    1877,
    1878,
    1879,
    1880,
    1881,
    1882,
    1883,
    1884,
    1885,
    1886,
    1887,
    1888,
    1889,
    1890,
    1891,
    1892,
    1893,
    2733,
    2735,
    2737,
    2739,
    2740,
    2741,
    2742,
    2743,
    2744,
    2745,
    2746,
    2747,
    2749,
    2750,
    2751,
    2752,
    2753,
    2754,
    2755,
    2756,
    2757,
    2758,
    2759,
    2760,
    2761,
    2762,
    2763,
    2764,
    2765,
    2766,
    2767,
    2768,
    2769,
    2770,
    2771,
    2772,
    2773,
    2774,
    2775,
    2776,
    2777,
    2778,
    2779,
    2780,
    2781,
    2782,
    2783,
    2784,
    2785,
    2786,
    2787,
    2788,
    2789,
    2790,
    2837,
    2839,
    2840,
    2841,
    2842,
    2843,
    2844,
    2845,
    2846,
    2847,
    2848,
    2849,
    2850,
    2851,
    2852,
    2853,
    2854,
    3133,
    3134,
    3135,
    3137,
    3139,
    3280,
    3282,
    3284,
    3285,
    3286,
    3287,
    3288,
    3289,
    3290,
    3291,
    3292,
    3293,
    3294,
    3295,
    3296,
    3297,
    3298,
    3299,
    3300,
    3301,
    3302,
    3303,
    3304,
    3305,
    3306,
    3307,
    3308,
    3309,
    3310,
    3311,
    3312,
    3313,
    3314,
    3315,
    3316,
    3317,
    3318,
    3319,
    3320,
    3321,
    3322,
    3323,
    3324,
    3325,
    3326,
    3327,
    3328,
    3329,
    3330,
    3331,
    3332,
    3333,
    3334,
    3335,
    3336,
    3337,
    3338,
    3339,
    3340,
    3341,
    3342,
    3343,
    3344,
    3345,
    3346,
    3347,
    3348,
    3349,
    3350,
    3351,
    3352,
    3353,
    3354,
    3355,
    3356,
    3357,
    3358,
    3359,
    3363,
    3593,
    3594,
    3595,
    3596,
    3597,
    3598,
    3599,
    3600,
    3601,
    3602,
    3603,
    3604,
    3605,
    3606,
    3607,
    3608,
    3609,
    3610,
    3611,
    3612,
    3613,
    3614,
    3615,
    3616,
    3617,
    3618,
    3619,
    3620,
    3621,
    3622,
    3623,
    3624,
    3626,
    3628,
    3629,
    3630,
    3631,
    3632,
    3633,
    3634,
    3635,
    3636,
    3637,
    3638,
    3639,
    3640,
    3641,
    3642,
    3673,
    3674,
    3675,
    3676,
    3677,
    3678,
    3679,
    3680,
    3681,
    3682,
    3683,
    3684,
    3685,
    3686,
    3687,
    3688,
    3689,
    3690,
    3691,
    3692,
    3693,
    3694,
    3695,
    3696,
    3697,
    3698,
    3699,
    3700,
    3701,
    3702,
    3703,
    3704,
    3705,
    3706,
    3707,
    3708,
    3709,
    3710,
    3711,
    3712,
    3713,
    3714,
    3715,
    3716,
    3717,
    3718,
    3719,
    3720,
    3721,
    3722,
    3723,
    3724,
    3725,
    3726,
    3727,
    3728,
    3729,
    3730,
    3811,
    3812,
    3813,
    3816,
    3819,
    3822,
    3825,
    3828,
    3831,
    3834,
    3837,
    3841,
    3928,
    3929,
    3930,
    3931,
    3932,
    3933,
    3934,
    3935,
    3936,
    3937,
    3938,
    3939,
    3940,
    3941,
    3942,
    3943,
    3944,
    3945,
    3946,
    3947,
    3948,
    3949,
    3950,
    3951,
    3952,
    3953,
    3954,
    3955,
    3956,
    3957,
    3958,
    3959,
    3960,
    3961,
    3962,
    3963,
    3964,
    3965,
    3966,
    3967,
    3968,
    3969,
    3970,
    3971,
    3972,
    3973,
    3974,
    3975,
    3976,
    3977,
    3978,
    3979,
    3980,
    3981,
    3982,
    3983,
    3984,
    3985,
    3986,
    3987,
    3988,
    3989,
    3990,
    3991,
    3992,
    3993,
    3994,
    3995,
    3996,
    3997,
    3998,
    3999,
    4000,
    4001,
    4002,
    4003,
    4004,
    4005,
    4006,
    4007,
    4008,
    4009,
    4010,
    4011,
    4012,
    4013,
    4014,
    4015,
    4016,
    4030,
    4031,
    4032,
    4033,
    4034,
    4035,
    4036,
    4037,
    4038,
    4039,
    4040,
    4041,
    4042,
    4043,
    4044,
    4045,
    4046,
    4047,
    4048,
    4049,
    4050,
    4051,
    4052,
    4054,
    4055,
    4058,
    4059,
    4060,
    4061,
    4062,
    4063,
    4065,
    4143,
    4144,
    4145,
    4146,
    4147,
    4148,
    4149,
    4150,
    4151,
    4152,
    4153,
    4154,
    4155,
    4156,
    4157,
    4158,
    4159,
    4160,
    4161,
    4162,
    4163,
    4164,
    4165,
    4166,
    4167,
    4168,
    4169,
    4170,
    4171,
    4172,
    4173,
    4174,
    4175,
    4176,
    4177,
    4178,
    4179,
    4180,
    4181,
    4182,
    4183,
    4184,
    4185,
    4186,
    4187,
    4188,
    4189,
    4190,
    4191,
    4192,
    4193,
    4194,
    4195,
    4196,
    4197,
    4198,
    4199,
    4200,
    4201,
    4202,
    4203,
    4204,
    4205,
    4206,
    4207,
    4208,
    4209,
    4210,
    4211,
    4212,
    4213,
    4214,
    4215,
    4216,
    4217,
    4218,
    4219,
    4220,
    4221,
    4222,
    4223,
    4224,
    4225,
    4226,
    4227,
    4228,
    4229,
    4230,
    4231,
    4232,
    4233,
    4234,
    4236,
    4310,
    4311,
    4312,
    4313,
    4314,
    4315,
    4316,
    4317,
    4318,
    4319,
    4320,
    4321,
    4322,
    4323,
    4324,
    4325,
    4326,
    4327,
    4328,
    4329,
    4330,
    4331,
    4332,
    4333,
    4334,
    4335,
    4336,
    4337,
    4338,
    4339,
    4340,
    4341,
    4342,
