{
  "source": "D:/cad/blender/hand/hand0423g.glb",
  "label": "front fingers only (+Z)",
  "coordinate_system": {
    "x": "hand width; thumb is on +X in +Z/front projection",
    "y": "wrist to fingertips",
    "z": "hand thickness; +Z is treated as palm/front side in this export"
  },
  "selection_rule": {
    "normal_z_min": 0.35,
    "center_y_min": 3.4
  },
  "quad_count": 1064,
  "vertex_count": 1239,
  "quad_id_range": [
    14,
    7258
  ],
  "row_stats": {
    "center_x": {
      "min": -1.3795814514160156,
      "max": 3.5522292256355286,
      "mean": 0.9906624150900101
    },
    "center_y": {
      "min": 3.4001190662384033,
      "max": 8.744334697723389,
      "mean": 6.171184720793613
    },
    "center_z": {
      "min": 0.43416089564561844,
      "max": 1.4389852285385132,
      "mean": 1.013963774385813
    },
    "normal_x": {
      "min": -0.9351627874254951,
      "max": 0.935995767242976,
      "mean": 0.02267838647631053
    },
    "normal_y": {
      "min": -0.362101421430599,
      "max": 0.9280653883596491,
      "mean": 0.05489500322129422
    },
    "normal_z": {
      "min": 0.35120519993409305,
      "max": 0.9998611855129973,
      "mean": 0.7700979770293566
    },
    "area": {
      "min": 0.0015241707787302227,
      "max": 0.06672157839545124,
      "mean": 0.0170640582723196
    }
  },
  "vertex_bounds": {
    "x": {
      "min": -1.4061081409454346,
      "max": 3.5704402923583984
    },
    "y": {
      "min": 3.2773237228393555,
      "max": 8.758209228515625
    },
    "z": {
      "min": 0.3792785704135895,
      "max": 1.4428762197494507
    }
  },
  "vertex_ids": [
    4,
    5,
    6,
    9,
    10,
    14,
    16,
    25,
    26,
    27,
    28,
    29,
    35,
    36,
    70,
    71,
    72,
    73,
    74,
    75,
    76,
    77,
    78,
    79,
    80,
    81,
    82,
    83,
    85,
    86,
    87,
    88,
    101,
    102,
    103,
    104,
    105,
    106,
    107,
    108,
    109,
    110,
    111,
    112,
    113,
    114,
    115,
    122,
    123,
    124,
    128,
    133,
    135,
    136,
    137,
    138,
    139,
    140,
    143,
    145,
    207,
    208,
    209,
    210,
    211,
    212,
    213,
    214,
    215,
    216,
    218,
    219,
    220,
    221,
    222,
    223,
    224,
    225,
    226,
    227,
    228,
    229,
    230,
    231,
    232,
    233,
    234,
    235,
    236,
    237,
    238,
    239,
    240,
    241,
    242,
    273,
    274,
    275,
    276,
    278,
    279,
    280,
    281,
    282,
    283,
    284,
    426,
    427,
    428,
    429,
    432,
    433,
    434,
    435,
    436,
    437,
    438,
    439,
    440,
    441,
    442,
    443,
    444,
    445,
    446,
    447,
    448,
    449,
    450,
    451,
    452,
    453,
    454,
    455,
    456,
    457,
    458,
    459,
    460,
    461,
    462,
    463,
    464,
    465,
    466,
    467,
    468,
    469,
    470,
    471,
    472,
    473,
    474,
    475,
    476,
    477,
    492,
    518,
    519,
    520,
    521,
    522,
    523,
    524,
    525,
    526,
    527,
    528,
    529,
    530,
    531,
    532,
    534,
    535,
    536,
    537,
    539,
    540,
    541,
    542,
    543,
    544,
    545,
    546,
    547,
    548,
    549,
    550,
    551,
    552,
    553,
    554,
    555,
    556,
    557,
    558,
    559,
    560,
    561,
    562,
    563,
    564,
    622,
    623,
    624,
    625,
    626,
    629,
    630,
    631,
    632,
    635,
    705,
    708,
    709,
    710,
    711,
    712,
    713,
    714,
    715,
    716,
    717,
    718,
    719,
    720,
    721,
    722,
    723,
    724,
    725,
    726,
    749,
    787,
    788,
    789,
    790,
    791,
    792,
    793,
    794,
    795,
    796,
    797,
    798,
    799,
    800,
    801,
    802,
    803,
    804,
    805,
    806,
    807,
    808,
    809,
    810,
    811,
    812,
    813,
    814,
    815,
    816,
    817,
    818,
    819,
    820,
    821,
    822,
    823,
    824,
    825,
    826,
    827,
    828,
    829,
    830,
    831,
    832,
    833,
    834,
    835,
    836,
    837,
    838,
    839,
    840,
    841,
    842,
    843,
    844,
    845,
    846,
    847,
    848,
    849,
    850,
    851,
    852,
    853,
    854,
    855,
    856,
    857,
    862,
    942,
    943,
    944,
    945,
    947,
    948,
    949,
    950,
    951,
    952,
    953,
    954,
    955,
    956,
    957,
    958,
    959,
    960,
    961,
    962,
    963,
    964,
    965,
    966,
    967,
    968,
    969,
    970,
    971,
    972,
    973,
    976,
    1021,
    1022,
    1023,
    1024,
    1025,
    1026,
    1027,
    1028,
    1029,
    1030,
    1031,
    1032,
    1033,
    1034,
    1035,
    1036,
    1037,
    1038,
    1039,
    1040,
    1041,
    1042,
    1043,
    1044,
    1045,
    1046,
    1047,
    1048,
    1050,
    1052,
    1087,
    1089,
    1091,
    1094,
    1095,
    1096,
    1097,
    1098,
    1100,
    1101,
    1102,
    1103,
    1104,
    1105,
    1106,
    1107,
    1108,
    1109,
    1110,
    1111,
    1112,
    1113,
    1114,
    1115,
    1116,
    1117,
    1118,
    1119,
    1120,
    1121,
    1122,
    1123,
    1124,
    1125,
    1126,
    1127,
    1128,
    1129,
    1130,
    1131,
    1132,
    1133,
    1134,
    1135,
    1136,
    1137,
    1138,
    1139,
    1140,
    1141,
    1142,
    1143,
    1144,
    1149,
    1191,
    1192,
    1195,
    1198,
    1204,
    1207,
    1208,
    1209,
    1210,
    1211,
    1212,
    1213,
    1214,
    1215,
    1216,
    1217,
    1218,
    1219,
    1220,
    1221,
    1222,
    1223,
    1224,
    1225,
    1226,
    1227,
    1228,
    1229,
    1230,
    1231,
    1232,
    1233,
    1234,
    1235,
    1236,
    1238,
    1240,
    1315,
    1316,
    1318,
    1319,
    1320,
    1321,
    1322,
    1323,
    1324,
    1325,
    1326,
    1327,
    1328,
    1329,
    1330,
    1331,
    1332,
    1333,
    1334,
    1335,
    1336,
    1337,
    1338,
    1339,
    1340,
    1341,
    1342,
    1343,
    1344,
    1345,
    1346,
    1347,
    1348,
    1349,
    1350,
    1351,
    1352,
    1353,
    1354,
    1355,
    1356,
    1357,
    1358,
    1360,
    1361,
    1362,
    1363,
    1364,
    1365,
    1366,
    1367,
    1368,
    1369,
    1370,
    1371,
    1372,
    1377,
    1428,
    1432,
    1434,
    1435,
    1436,
    1437,
    1438,
    1439,
    1440,
    1441,
    1442,
    1443,
    1444,
    1445,
    1446,
    1447,
    1448,
    1449,
    1450,
    1451,
    1452,
    1453,
    1454,
    1456,
    1457,
    1489,
    1491,
    1493,
    1494,
    1495,
    1496,
    1497,
    1498,
    1499,
    1500,
    1501,
    1502,
    1503,
    1504,
    1505,
    1506,
    1507,
    1508,
    1509,
    1510,
    1511,
    1512,
    1513,
    1514,
    1515,
    1516,
    1517,
    1518,
    1519,
    1520,
    1521,
    1522,
    1523,
    1524,
    1578,
    1579,
    1580,
    1582,
    1583,
    1584,
    1585,
    1586,
    1587,
    1588,
    1589,
    1590,
    1591,
    1592,
    1593,
    1594,
    1595,
    1596,
    1597,
    1598,
    1599,
    1600,
    1601,
    1602,
    1603,
    1604,
    1605,
    1606,
    1607,
    1608,
    1609,
    1610,
    1611,
    1612,
    1613,
    1614,
    1615,
    1616,
    1617,
    1618,
    1620,
    1622,
    1624,
    1628,
    1633,
    1639,
    1640,
    1641,
    1642,
    1643,
    1644,
    1645,
    1646,
    1647,
    1648,
    1649,
    1650,
    1651,
    1652,
    1653,
    1654,
    1655,
    1656,
    1657,
    1658,
    1659,
    1660,
    1661,
    1662,
    1663,
    1664,
    1665,
    1666,
    1667,
    1668,
    1669,
    1670,
    2074,
    2075,
    2077,
    2078,
    2079,
    2080,
    2081,
    2082,
    2083,
    2084,
    2085,
    2086,
    2087,
    2088,
    2089,
    2090,
    2091,
    2092,
    2093,
    2094,
    2095,
    2096,
